t_s,vocal_db_re_mean,voiced_prob,f0_hz
158.0,-39.2,0.02,243.9
158.1,-38.1,0.01,245.3
158.2,-36.7,0.01,249.6
158.3,-33.2,0.02,248.2
158.4,-37.1,0.03,277.0
158.5,-36.6,0.04,272.2
158.6,-40.3,0.02,273.8
158.7,-42.1,0.01,277.0
158.8,2.1,0.09,246.8
158.9,3.9,0.69,231.6
159.0,0.8,0.43,218.6
159.1,-4.7,0.21,213.6
159.2,-11.6,0.01,227.6
159.3,-10.2,0.01,
159.4,-6.6,0.01,238.3
159.5,-2.1,0.01,
159.6,-6.1,0.01,228.9
159.7,-3.2,0.02,212.3
159.8,-9.2,0.01,
159.9,-4.8,0.01,
160.0,-5.3,0.01,
160.1,-22.6,0.13,227.6
160.2,-27.6,0.01,227.6
160.3,-26.2,0.07,226.3
160.4,-27.9,0.28,221.1
160.5,-29.7,0.15,227.6
160.6,-32.2,0.09,226.3
160.7,-35.8,0.18,228.9
160.8,-39.1,0.09,226.3
160.9,-39.4,0.37,221.1
161.0,-46.2,0.02,237.0
161.1,-48.4,0.08,231.6
161.2,-55.1,0.01,
161.3,-48.1,0.01,295.1
161.4,-2.4,0.09,249.6
161.5,-6.9,0.05,235.6
161.6,-24.6,0.01,228.9
161.7,-9.2,0.01,
161.8,-13.2,0.13,227.6
161.9,-26.0,0.01,272.2
162.0,-30.7,0.01,283.4
162.1,-33.6,0.01,285.1
162.2,-35.2,0.02,246.8
162.3,-35.8,0.08,231.6
162.4,-40.6,0.02,249.6
162.5,-42.0,0.02,242.5
162.6,-46.6,0.01,242.5
162.7,-21.7,0.0,
162.8,3.0,0.89,235.6
162.9,-0.5,0.28,238.3
163.0,-6.2,0.01,231.6
163.1,-5.8,0.0,
163.2,-7.4,0.0,
163.3,-12.0,0.0,
163.4,-21.8,0.0,
163.5,-27.2,0.0,
163.6,-36.9,0.0,
163.7,-42.8,0.01,
163.8,-44.5,0.01,
163.9,-42.0,0.01,
164.0,-44.7,0.01,
164.1,-42.9,0.01,
164.2,-46.0,0.01,
164.3,-50.4,0.0,
164.4,-49.4,0.01,
164.5,-43.8,0.01,303.8
164.6,-34.1,0.43,309.1
164.7,-31.5,0.28,312.7
164.8,-34.7,0.15,309.1
164.9,-37.7,0.06,281.8
165.0,-8.1,0.15,528.9
165.1,-3.3,0.69,522.9
165.2,-4.0,0.69,519.8
165.3,-5.0,0.62,522.9
165.4,-4.9,0.62,516.8
165.5,-3.1,0.11,573.5
165.6,0.0,0.83,621.8
165.7,0.0,0.89,614.6
165.8,-0.1,0.83,614.6
165.9,-1.0,0.76,614.6
166.0,-2.9,0.69,607.6
166.1,-5.9,0.37,618.2
166.2,-6.2,0.76,614.6
166.3,-2.8,0.89,614.6
166.4,-5.4,0.76,625.4
166.5,-6.1,0.62,600.6
166.6,-5.1,0.76,611.1
166.7,-5.7,0.62,607.6
166.8,-7.6,0.69,597.1
166.9,-10.3,0.37,607.6
167.0,-9.4,0.55,607.6
167.1,-13.1,0.37,600.6
167.2,-11.8,0.24,593.7
167.3,-12.3,0.43,600.6
167.4,-16.6,0.21,593.7
167.5,-19.1,0.37,590.3
167.6,-18.5,0.69,590.3
167.7,-16.9,0.69,586.9
167.8,-15.6,0.76,580.1
167.9,-15.1,0.83,586.9
168.0,-16.0,0.37,576.8
168.1,-14.5,0.32,566.9
168.2,-8.0,0.62,522.9
168.3,-6.8,0.37,528.9
168.4,-2.5,0.55,
168.5,-2.9,0.28,261.4
168.6,-1.2,0.43,259.9
168.7,-2.6,0.55,262.9
168.8,-3.0,0.28,264.5
168.9,-2.3,0.62,261.4
169.0,-4.3,0.37,261.4
169.1,-3.5,0.09,264.5
169.2,-1.9,0.08,
169.3,-2.4,0.11,341.0
169.4,1.1,0.62,349.0
169.5,1.2,0.83,349.0
169.6,-1.6,0.55,349.0
169.7,0.9,0.89,349.0
169.8,1.2,0.32,349.0
169.9,1.9,0.62,349.0
170.0,2.8,0.48,343.0
170.1,1.2,0.69,345.0
170.2,-4.1,0.01,234.3
170.3,-2.3,0.06,228.9
170.4,-0.5,0.32,232.9
170.5,-1.9,0.24,230.2
170.6,-0.9,0.55,232.9
170.7,-2.5,0.37,232.9
170.8,-3.7,0.48,231.6
170.9,-5.1,0.55,231.6
171.0,-15.9,0.28,230.2
171.1,-15.2,0.18,231.6
171.2,-15.8,0.24,232.9
171.3,-19.7,0.03,231.6
171.4,-23.6,0.09,232.9
171.5,-21.5,0.18,230.2
171.6,-8.9,0.01,380.5
171.7,1.2,0.95,387.2
171.8,2.9,0.89,394.0
171.9,4.0,0.24,400.9
172.0,-2.1,0.02,460.5
176.0,-3.9,0.04,349.0
176.1,4.8,0.69,349.0
176.2,-1.0,0.18,359.2
176.3,-2.8,0.01,353.0
176.4,4.2,0.83,307.3
176.5,5.9,0.95,307.3
176.6,5.7,0.89,310.9
176.7,2.0,0.69,310.9
176.8,5.5,0.89,310.9
176.9,5.6,0.83,310.9
177.0,5.5,0.95,312.7
177.1,4.4,0.76,312.7
177.2,3.4,0.95,309.1
177.3,4.5,0.62,295.1
177.4,5.6,0.62,295.1
177.5,4.3,0.55,293.4
177.6,3.3,0.48,293.4
177.7,4.2,0.76,293.4
177.8,3.9,0.62,293.4
177.9,3.2,0.62,293.4
178.0,4.0,0.76,291.8
178.1,2.1,0.76,295.1
178.2,1.0,0.28,309.1
178.3,2.3,0.76,310.9
178.4,1.8,0.76,309.1
178.5,-0.9,0.55,307.3
178.6,-4.4,0.28,310.9
178.7,-2.3,0.43,310.9
178.8,-5.2,0.28,310.9
178.9,-6.1,0.07,155.4
179.0,-2.5,0.43,155.4
179.1,-2.7,0.21,154.5
179.2,-2.3,0.24,156.3
179.3,-1.9,0.21,156.3
179.4,-1.1,0.21,154.5
179.5,-1.5,0.24,154.5
179.6,-0.4,0.55,155.4
179.7,0.5,0.69,155.4
179.8,-1.8,0.32,155.4
179.9,-2.7,0.18,155.4
180.0,-2.7,0.01,
180.1,-3.2,0.01,
180.2,-3.0,0.01,538.2
180.3,0.1,0.55,532.0
180.4,-2.4,0.28,525.9
180.5,1.0,0.55,519.8
180.6,0.6,0.48,522.9
180.7,1.8,0.55,522.9
180.8,2.1,0.48,525.9
180.9,-0.3,0.01,550.8
181.0,1.0,0.06,541.3
181.1,-1.8,0.02,563.6
181.2,-0.1,0.05,563.6
181.3,2.6,0.03,535.1
181.4,4.4,0.08,570.2
181.5,4.6,0.62,586.9
181.6,6.1,0.95,586.9
181.7,2.9,0.55,593.7
181.8,4.8,0.83,614.6
181.9,3.7,0.76,621.8
182.0,5.7,0.89,621.8
182.1,3.6,0.76,621.8
182.2,3.5,0.76,621.8
182.3,4.9,0.83,618.2
182.4,2.9,0.69,621.8
182.5,0.1,0.62,600.6
182.6,-5.6,0.32,611.1
182.7,3.0,0.69,593.7
182.8,7.2,0.95,586.9
182.9,6.8,0.89,590.3
183.0,2.0,0.89,590.3
190.0,4.0,0.76,590.3
190.1,5.3,0.95,586.9
190.2,6.9,0.95,590.3
190.3,6.6,0.89,583.5
190.4,5.6,0.62,570.2
190.5,3.1,0.37,563.6
190.6,1.7,0.21,544.4
190.7,-1.3,0.02,528.9
190.8,4.9,0.48,522.9
190.9,1.3,0.28,522.9
191.0,2.5,0.62,522.9
191.1,2.5,0.69,516.8
191.2,-1.5,0.02,490.7
191.3,-0.3,0.06,471.2
191.4,2.3,0.24,471.2
191.5,2.7,0.11,468.5
191.6,2.4,0.11,468.5
191.7,6.1,0.25,465.8
191.8,4.6,0.47,232.9
191.9,3.9,0.55,232.9
192.0,2.1,0.62,234.3
192.1,1.5,0.37,235.6
192.2,4.0,0.21,256.9
192.3,2.2,0.48,261.4
192.4,-4.5,0.01,
192.5,-4.4,0.01,258.4
192.6,0.3,0.48,255.5
192.7,0.3,0.55,259.9
192.8,-0.5,0.69,259.9
192.9,1.1,0.69,258.4
193.0,-1.0,0.43,259.9
193.1,-0.9,0.62,261.4
193.2,1.9,0.83,261.4
193.3,0.3,0.69,259.9
193.4,0.3,0.76,262.9
193.5,-2.0,0.83,259.9
193.6,-1.7,0.43,261.4
193.7,-1.8,0.83,261.4
193.8,-6.0,0.69,261.4
193.9,-3.2,0.76,261.4
194.0,-3.4,0.76,261.4
194.1,-3.5,0.83,261.4
194.2,-0.9,0.01,258.4
194.3,-1.8,0.03,261.4
194.4,3.4,0.48,239.7
194.5,-0.8,0.37,249.6
194.6,-5.8,0.62,259.9
194.7,-6.6,0.89,259.9
194.8,-10.8,0.48,259.9
194.9,-11.0,0.69,259.9
195.0,-1.3,0.01,270.6
195.1,5.8,0.83,239.7
195.2,3.4,0.48,242.5
195.3,1.5,0.89,230.2
195.4,2.0,0.01,
195.5,-8.0,0.01,
195.6,-6.4,0.55,231.6
195.7,0.3,0.01,
195.8,-5.1,0.01,
195.9,-16.7,0.07,248.2
196.0,-22.1,0.09,239.7
196.1,-25.6,0.02,242.5
196.2,-28.4,0.08,235.6
196.3,-26.1,0.62,238.3
196.4,-29.2,0.76,238.3
196.5,-34.1,0.43,241.1
196.6,-36.0,0.76,237.0
196.7,-36.7,0.76,234.3
196.8,-32.7,0.62,231.6
196.9,-39.2,0.55,231.6
197.0,-41.9,0.43,242.5
197.1,-52.4,0.01,248.2
197.2,-53.2,0.01,248.2
197.3,-55.6,0.01,256.9
197.4,-55.5,0.01,262.9
197.5,-51.8,0.01,238.3
197.6,-54.6,0.01,237.0
197.7,-54.1,0.01,262.9
197.8,-40.7,0.01,
197.9,-7.2,0.0,
198.0,3.5,0.48,242.5
198.1,0.1,0.62,228.9
198.2,-7.2,0.48,241.1
198.3,-18.5,0.43,239.7
198.4,-21.1,0.43,232.9
198.5,-24.5,0.48,232.9
198.6,-27.2,0.28,237.0
198.7,-22.0,0.69,237.0
198.8,-23.5,0.89,234.3
198.9,-38.4,0.24,239.7
199.0,-39.4,0.21,232.9
199.1,-18.0,0.0,
199.2,3.6,0.28,242.5
199.3,5.9,0.89,230.2
199.4,1.8,0.09,238.3
199.5,1.5,0.69,242.5
199.6,-9.6,0.21,248.2
199.7,-18.2,0.06,234.3
199.8,-31.4,0.02,232.9
199.9,-45.6,0.03,242.5
200.0,-49.0,0.01,
200.1,-45.8,0.02,
200.2,-52.1,0.01,
200.3,-48.7,0.01,
200.4,-50.1,0.01,
200.5,-50.9,0.01,
200.6,-49.3,0.01,
200.7,-54.9,0.01,
200.8,-50.8,0.01,
200.9,-51.6,0.01,
201.0,-49.2,0.01,
201.1,-50.6,0.01,
201.2,-51.3,0.01,
201.3,-50.3,0.01,
201.4,-54.2,0.01,80.9
201.5,-53.2,0.01,
201.6,-53.6,0.01,
201.7,-52.9,0.01,
201.8,-48.7,0.01,
201.9,-54.0,0.01,
202.0,-51.0,0.01,
202.1,-54.4,0.01,94.6
202.2,-52.4,0.01,81.4
202.3,-52.0,0.01,80.0
202.4,-50.2,0.01,
202.5,-48.4,0.01,
202.6,-44.7,0.01,
202.7,-4.7,0.01,
202.8,-4.3,0.01,
202.9,-5.2,0.01,
203.0,3.6,0.28,232.9
203.1,-0.5,0.11,226.3
203.2,-15.7,0.07,237.0
203.3,-25.7,0.01,231.6
203.4,-0.2,0.02,241.1
203.5,2.6,0.37,235.6
203.6,-2.6,0.01,225.0
203.7,-6.3,0.01,
203.8,-18.5,0.01,237.0
203.9,-22.3,0.01,
204.0,-23.6,0.01,
204.1,-23.6,0.01,
204.2,-20.9,0.01,286.7
204.3,-11.7,0.37,275.4
204.4,-2.2,0.98,291.8
204.5,-1.4,0.98,295.1
204.6,3.6,0.98,295.1
204.7,1.9,0.89,295.1
204.8,1.0,0.98,295.1
204.9,2.0,0.89,310.9
205.0,-2.5,0.69,309.1
205.1,2.2,0.76,309.1
205.2,3.0,0.76,309.1
205.3,-2.0,0.02,343.0
205.4,-0.5,0.18,382.8
205.5,-1.1,0.11,380.5
205.6,-10.8,0.83,389.4
205.7,-1.5,0.95,391.7
205.8,-8.3,0.55,389.4
205.9,-4.3,0.95,389.4
206.0,-1.8,0.95,387.2
206.1,-2.2,0.95,389.4
206.2,-2.6,0.28,365.5
206.3,-4.9,0.06,320.0
206.4,-2.6,0.32,345.0
206.5,-2.3,0.48,329.4
206.6,-2.0,0.32,325.6
206.7,-1.4,0.11,314.5
206.8,-3.1,0.24,312.7
206.9,-1.5,0.18,318.2
207.0,-2.2,0.43,303.8
207.1,-7.0,0.43,298.6
207.2,-12.8,0.28,316.3
207.3,-19.1,0.24,296.9
207.4,-25.6,0.37,296.9
207.5,-21.9,0.95,293.4
207.6,-27.3,0.48,296.9
207.7,-30.0,0.28,307.3
207.8,-28.4,0.15,305.5
207.9,-29.4,0.08,314.5
208.0,-24.8,0.62,345.0
208.1,-29.0,0.09,325.6
208.2,-33.3,0.18,343.0
208.3,-36.8,0.18,327.5
208.4,-45.1,0.01,349.0
208.5,-45.8,0.01,347.0
208.6,-45.0,0.02,339.0
208.7,-48.9,0.01,327.5
208.8,-49.5,0.01,325.6
208.9,-50.4,0.01,327.5
209.0,-47.2,0.01,327.5
209.1,-48.2,0.01,325.6
209.2,-45.4,0.01,323.7
209.3,-50.7,0.01,327.5
209.4,-48.3,0.01,347.0
209.5,-48.8,0.01,
209.6,-50.9,0.01,
209.7,-49.1,0.01,80.0
209.8,-50.7,0.01,80.0
209.9,-51.7,0.01,80.0
210.0,-54.6,0.01,80.0
210.1,-58.6,0.01,
210.2,-61.0,0.01,
210.3,-60.7,0.01,
210.4,-60.0,0.01,81.4
210.5,-58.1,0.01,80.9
210.6,-54.7,0.01,80.0
210.7,-55.2,0.01,81.4
210.8,-57.8,0.01,
210.9,-58.3,0.01,
211.0,-56.9,0.01,
211.1,-56.5,0.01,
211.2,-56.6,0.01,
211.3,-57.1,0.01,
211.4,-57.1,0.01,
211.5,-57.2,0.01,
211.6,-56.8,0.01,
211.7,-56.8,0.01,
211.8,-57.1,0.01,
211.9,-56.1,0.01,
212.0,-56.3,0.01,
212.1,-55.4,0.01,
212.2,-55.8,0.01,
212.3,-56.9,0.01,
212.4,-54.9,0.01,
212.5,-55.8,0.01,
212.6,-56.0,0.01,
212.7,-56.4,0.01,
212.8,-56.6,0.01,80.9
212.9,-56.6,0.01,91.9
213.0,-56.6,0.01,91.9
213.1,-56.7,0.01,91.9
213.2,-56.6,0.01,80.9
213.3,-56.4,0.01,93.5
213.4,-58.7,0.01,80.9
