t,level_db_re_track_rms,f0_hz,voiced_prob,hiband_ratio,F1_hz,F2_hz
52.200,-31.039,997.485,0.616,0.061,nan,nan
52.210,-30.056,997.485,0.757,0.053,nan,nan
52.220,-28.254,997.485,0.891,0.075,895.834,1021.381
52.230,-27.644,997.485,0.827,0.099,965.714,1013.078
52.240,-29.229,997.485,0.946,0.081,965.403,1026.010
52.250,-29.703,997.485,0.827,0.069,1034.856,1099.586
52.260,-32.142,997.485,0.827,0.090,nan,nan
52.270,-30.284,997.485,0.891,0.092,nan,nan
52.280,-28.187,997.485,0.891,0.059,926.070,1031.994
52.290,-27.050,997.485,0.891,0.047,977.493,1035.238
52.300,-26.898,997.485,0.891,0.057,1036.505,1057.881
52.310,-28.511,997.485,0.827,0.065,1014.681,1297.706
52.320,-30.152,997.485,0.891,0.077,nan,nan
52.330,-30.127,997.485,0.827,0.070,nan,nan
52.340,-29.860,997.485,0.686,0.063,1036.417,1103.909
52.350,-29.619,997.485,0.686,0.064,999.055,1243.687
52.360,-29.209,997.485,0.616,0.069,988.658,1266.202
52.370,-30.556,997.485,0.616,0.067,nan,nan
52.380,-30.008,997.485,0.372,0.070,nan,nan
52.390,-29.272,0.000,0.056,0.090,1022.124,1646.157
52.400,-29.145,0.000,0.030,0.141,1031.324,1524.008
52.410,-25.821,0.000,0.010,0.212,1042.535,1788.715
52.420,-23.351,0.000,0.010,0.274,1117.081,1685.466
52.430,-21.429,0.000,0.010,0.293,1140.044,1780.686
52.440,-17.740,0.000,0.010,0.323,1238.070,1859.097
52.450,-14.558,0.000,0.010,0.311,634.672,1239.583
52.460,-10.803,0.000,0.010,0.309,446.467,1339.449
52.470,-5.048,0.000,0.035,0.284,352.976,1338.236
52.480,-0.642,0.000,0.109,0.235,294.932,1340.049
52.490,1.513,0.000,0.177,0.220,277.793,1229.854
52.500,2.859,268.818,0.207,0.237,273.608,1241.549
52.510,3.779,267.270,0.280,0.255,275.205,1224.787
52.520,3.832,264.200,0.372,0.251,278.190,1260.927
52.530,3.811,261.165,0.485,0.247,282.200,1248.235
52.540,3.702,261.165,0.485,0.259,289.782,1281.811
52.550,3.234,261.165,0.485,0.284,296.164,1238.056
52.560,3.154,261.165,0.485,0.284,292.797,1167.597
52.570,3.080,261.165,0.549,0.264,280.547,1104.746
52.580,3.036,262.678,0.549,0.262,283.943,1077.653
52.590,3.033,262.678,0.549,0.278,286.991,1061.852
52.600,2.675,262.678,0.549,0.287,292.377,1021.155
52.610,2.253,262.678,0.616,0.305,293.940,983.205
52.620,1.606,262.678,0.686,0.335,288.874,1040.494
52.630,0.414,262.678,0.549,0.337,291.729,1111.865
52.640,-1.258,262.678,0.426,0.362,339.646,1296.295
52.650,-3.680,262.678,0.177,0.414,401.436,1227.989
52.660,-6.093,262.678,0.078,0.434,385.509,1232.396
52.670,-6.096,264.200,0.020,0.432,365.544,1098.581
52.680,-4.745,265.730,0.020,0.411,341.322,2264.448
52.690,-3.368,265.730,0.048,0.402,330.273,2275.547
52.700,-2.541,267.270,0.066,0.390,315.393,2247.446
52.710,-2.366,267.270,0.066,0.406,289.249,1348.034
52.720,-2.734,268.818,0.030,0.443,286.619,1448.407
52.730,-3.702,267.270,0.015,0.481,290.536,1503.625
52.740,-5.039,265.730,0.010,0.546,287.389,1436.522
52.750,-5.944,262.678,0.010,0.583,1171.936,2148.466
52.760,-6.043,262.678,0.010,0.627,1211.014,2112.986
52.770,-5.898,262.678,0.010,0.634,1196.564,2168.853
52.780,-5.959,261.165,0.010,0.632,1227.500,2090.855
52.790,-6.146,262.678,0.010,0.645,1526.123,2140.708
52.800,-6.413,262.678,0.010,0.636,1739.094,2147.164
52.810,-6.403,0.000,0.010,0.604,2116.182,3022.332
52.820,-6.089,0.000,0.010,0.589,2068.460,2593.689
52.830,-5.960,0.000,0.010,0.582,892.762,1549.065
52.840,-5.790,0.000,0.010,0.578,1536.400,2170.792
52.850,-5.865,0.000,0.010,0.561,1561.545,2159.456
52.860,-5.767,0.000,0.010,0.511,426.279,1621.630
52.870,-5.791,0.000,0.010,0.451,415.680,1640.135
52.880,-6.327,0.000,0.010,0.402,2084.558,2320.956
52.890,-6.578,284.803,0.010,0.386,329.606,1852.565
52.900,-6.348,284.803,0.010,0.377,285.654,1350.866
52.910,-4.949,261.165,0.011,0.337,270.593,1239.707
52.920,-2.846,262.678,0.041,0.313,266.672,1156.660
52.930,-1.044,261.165,0.177,0.313,264.008,1150.906
52.940,0.219,261.165,0.372,0.332,262.982,1190.831
52.950,1.086,261.165,0.549,0.358,265.906,1131.573
52.960,1.751,261.165,0.616,0.353,282.157,990.788
52.970,2.358,261.165,0.616,0.336,311.732,702.473
52.980,2.773,262.678,0.616,0.319,343.169,701.756
52.990,3.396,264.200,0.686,0.290,453.019,2415.451
53.000,4.065,262.678,0.827,0.267,472.803,2488.296
53.010,4.121,264.200,0.827,0.271,425.837,438.548
53.020,4.147,264.200,0.827,0.284,354.278,539.084
53.030,3.872,264.200,0.891,0.286,349.105,568.044
53.040,3.086,264.200,0.891,0.275,299.995,921.072
53.050,2.755,264.200,0.891,0.280,295.506,766.077
53.060,2.283,265.730,0.891,0.294,310.657,708.827
53.070,1.572,267.270,0.891,0.311,290.190,869.445
53.080,0.491,268.818,0.827,0.334,289.913,1108.332
53.090,-1.359,271.941,0.616,0.383,378.587,899.132
53.100,-3.423,276.695,0.372,0.418,342.827,1020.512
53.110,-4.446,279.910,0.280,0.414,344.511,896.639
53.120,-4.678,278.298,0.066,0.362,499.992,2408.411
53.130,-4.599,276.695,0.026,0.346,510.038,1176.854
53.140,-4.834,276.695,0.026,0.412,511.109,1072.090
53.150,-7.292,275.101,0.018,0.470,532.815,1198.351
53.160,-8.772,262.678,0.015,0.496,421.684,1066.635
53.170,-9.263,262.678,0.012,0.513,368.189,1103.389
53.180,-9.193,262.678,0.015,0.523,457.886,1138.508
53.190,-7.404,262.678,0.035,0.488,481.360,1097.782
53.200,-5.630,264.200,0.056,0.460,498.421,1074.291
53.210,-4.534,264.200,0.109,0.435,497.379,1078.497
53.220,-3.983,264.200,0.177,0.431,489.375,1066.130
53.230,-3.773,264.200,0.241,0.433,513.502,2500.867
53.240,-4.044,264.200,0.323,0.432,471.141,1048.316
53.250,-4.732,264.200,0.241,0.436,378.699,1054.383
53.260,-5.456,262.678,0.241,0.442,311.313,1095.439
53.270,-6.526,262.678,0.207,0.458,312.835,1160.158
53.280,-7.684,261.165,0.128,0.458,318.816,1170.429
53.290,-7.986,261.165,0.109,0.418,365.179,1064.388
53.300,-8.030,261.165,0.092,0.400,352.020,1162.927
53.310,-8.225,261.165,0.128,0.376,388.947,1714.870
53.320,-8.312,261.165,0.150,0.380,470.873,1863.860
53.330,-8.715,262.678,0.150,0.372,512.680,1857.629
53.340,-9.984,264.200,0.207,0.367,513.583,1896.930
53.350,-11.150,264.200,0.177,0.393,515.134,1921.695
53.360,-13.632,264.200,0.128,0.466,532.931,1253.309
53.370,-16.067,265.730,0.048,0.547,669.950,1230.416
53.380,-18.045,265.730,0.013,0.581,290.950,1129.696
53.390,-19.180,262.678,0.010,0.612,357.388,1183.599
53.400,-19.059,264.200,0.010,0.613,471.455,1171.988
53.410,-19.011,264.200,0.010,0.624,558.796,1292.769
53.420,-18.965,262.678,0.010,0.643,495.558,1265.113
53.430,-19.469,262.678,0.010,0.641,484.052,1263.272
53.440,-19.674,262.678,0.010,0.653,557.575,1273.250
53.450,-19.848,265.730,0.010,0.649,531.239,1103.693
53.460,-19.959,253.730,0.010,0.629,547.744,1031.653
53.470,-19.838,253.730,0.010,0.607,602.607,1073.580
53.480,-20.097,253.730,0.010,0.586,629.240,1072.694
53.490,-20.369,262.678,0.010,0.592,611.976,1080.295
53.500,-20.531,262.678,0.010,0.594,574.382,1078.862
53.510,-21.158,262.678,0.010,0.558,589.870,1089.903
53.520,-22.031,262.678,0.010,0.518,586.326,1125.619
53.530,-23.142,262.678,0.010,0.502,545.723,1146.816
53.540,-24.686,264.200,0.010,0.503,525.497,1117.453
53.550,-23.985,265.730,0.010,0.511,405.925,1247.637
53.560,-19.978,265.730,0.010,0.487,492.952,1082.999
53.570,-14.933,288.112,0.010,0.452,524.059,1042.462
53.580,-10.419,293.148,0.010,0.421,543.714,2367.870
53.590,-7.999,301.738,0.010,0.380,433.163,890.064
53.600,-7.207,308.791,0.010,0.355,535.545,861.660
53.610,-5.777,310.579,0.016,0.380,351.764,965.249
53.620,-2.995,310.579,0.078,0.380,315.531,1023.249
53.630,-0.533,310.579,0.323,0.331,312.443,1015.194
53.640,1.442,310.579,0.549,0.297,310.364,1007.467
53.650,2.834,310.579,0.686,0.261,310.113,953.032
53.660,3.269,308.791,0.757,0.226,312.853,936.194
53.670,3.573,308.791,0.827,0.212,310.745,922.614
53.680,3.617,308.791,0.891,0.190,312.147,923.228
53.690,3.385,310.579,0.891,0.176,311.765,903.589
53.700,3.234,310.579,0.891,0.157,312.415,911.227
53.710,2.772,310.579,0.891,0.148,312.998,891.043
53.720,2.241,310.579,0.891,0.142,314.956,799.449
53.730,1.733,310.579,0.891,0.144,316.389,862.512
53.740,1.203,312.379,0.891,0.137,317.985,892.909
53.750,0.677,312.379,0.827,0.132,318.916,903.225
53.760,0.248,312.379,0.827,0.146,318.619,936.808
53.770,0.058,314.188,0.686,0.159,316.723,961.135
53.780,0.054,312.379,0.686,0.186,317.786,945.603
53.790,0.145,312.379,0.616,0.202,321.845,941.239
53.800,0.172,312.379,0.549,0.238,331.304,939.289
53.810,0.128,314.188,0.372,0.280,332.705,923.727
53.820,-0.221,314.188,0.177,0.303,348.862,905.122
53.830,-0.788,316.008,0.109,0.311,346.806,886.820
53.840,-1.823,316.008,0.056,0.330,353.103,935.674
53.850,-3.233,314.188,0.016,0.384,347.799,984.231
53.860,-4.054,327.152,0.010,0.537,353.925,1016.644
53.870,-4.091,327.152,0.010,0.751,332.033,1136.103
53.880,-2.967,327.152,0.010,0.848,325.906,1229.841
53.890,-2.141,296.554,0.010,0.885,317.383,1309.344
53.900,-1.442,296.554,0.010,0.900,322.287,1266.761
53.910,-1.331,0.000,0.010,0.909,317.628,1221.550
53.920,-1.742,0.000,0.010,0.907,333.082,1413.540
53.930,-2.049,0.000,0.010,0.912,320.182,1315.206
53.940,-2.101,0.000,0.010,0.916,335.243,1325.866
53.950,-1.848,0.000,0.010,0.921,320.901,1306.621
53.960,-1.433,0.000,0.010,0.927,328.648,1409.618
53.970,-1.107,0.000,0.010,0.931,321.059,1492.658
53.980,-1.149,0.000,0.010,0.932,329.209,1370.903
53.990,-1.336,0.000,0.010,0.932,324.510,1519.634
54.000,-1.498,0.000,0.010,0.928,328.900,1416.671
54.010,-1.638,0.000,0.010,0.918,361.165,1543.601
54.020,-2.149,0.000,0.010,0.901,561.713,1509.254
54.030,-2.177,308.791,0.010,0.828,701.114,1449.156
54.040,-1.809,307.012,0.010,0.653,622.687,1424.634
54.050,-1.970,312.379,0.010,0.519,558.180,1104.330
54.060,-1.509,314.188,0.010,0.496,566.960,990.191
54.070,-1.730,314.188,0.010,0.461,409.120,1129.798
54.080,-1.423,314.188,0.016,0.410,344.312,1056.141
54.090,-0.606,316.008,0.092,0.352,324.301,987.790
54.100,0.178,316.008,0.177,0.302,321.113,997.083
54.110,1.326,316.008,0.372,0.250,318.449,929.880
54.120,2.102,314.188,0.549,0.213,313.330,986.076
54.130,2.904,312.379,0.616,0.208,312.965,983.440
54.140,3.768,312.379,0.686,0.202,312.422,995.831
54.150,4.383,312.379,0.686,0.199,313.580,972.362
54.160,4.716,312.379,0.686,0.191,315.463,1051.986
54.170,4.711,314.188,0.757,0.184,316.933,1070.956
54.180,4.427,314.188,0.686,0.167,319.292,1076.415
54.190,4.258,314.188,0.757,0.172,320.317,1212.136
54.200,4.116,316.008,0.686,0.163,318.974,1112.569
54.210,3.892,316.008,0.686,0.159,317.957,1137.577
54.220,3.579,316.008,0.616,0.177,316.550,1054.655
54.230,2.943,314.188,0.686,0.208,316.647,1151.294
54.240,2.270,314.188,0.686,0.255,317.218,1243.486
54.250,1.805,314.188,0.616,0.288,319.755,1139.028
54.260,1.689,312.379,0.549,0.312,322.084,1030.191
54.270,1.807,312.379,0.485,0.337,323.752,943.307
54.280,1.918,312.379,0.485,0.357,325.898,925.263
54.290,2.220,312.379,0.426,0.340,332.589,961.049
54.300,2.393,312.379,0.426,0.313,342.838,935.584
54.310,2.555,312.379,0.372,0.300,350.720,918.559
54.320,2.632,314.188,0.280,0.286,350.014,876.041
54.330,2.577,314.188,0.241,0.272,345.213,902.141
54.340,2.413,314.188,0.207,0.265,344.289,914.724
54.350,2.176,316.008,0.207,0.264,338.925,966.972
54.360,1.792,316.008,0.177,0.269,340.336,1036.170
54.370,1.696,317.839,0.150,0.264,330.243,1003.408
54.380,1.663,316.008,0.150,0.267,328.779,1034.526
54.390,1.802,316.008,0.150,0.261,324.354,994.511
54.400,1.959,316.008,0.177,0.249,328.555,911.207
54.410,2.056,314.188,0.280,0.239,326.583,870.613
54.420,2.287,314.188,0.372,0.238,337.549,882.073
54.430,2.534,312.379,0.426,0.236,334.216,964.047
54.440,2.680,312.379,0.426,0.231,325.891,982.470
54.450,2.568,312.379,0.549,0.225,323.365,1032.119
54.460,2.199,312.379,0.280,0.250,350.345,960.868
54.470,2.008,312.379,0.109,0.264,369.085,882.398
54.480,1.999,312.379,0.048,0.263,424.102,868.476
54.490,2.384,312.379,0.035,0.250,452.512,871.956
54.500,2.662,312.379,0.020,0.261,465.258,905.554
54.510,2.701,0.000,0.020,0.255,482.976,903.019
54.520,3.094,0.000,0.016,0.258,509.143,861.049
54.530,3.425,0.000,0.018,0.230,502.218,819.234
54.540,3.559,0.000,0.014,0.237,475.584,808.641
54.550,3.068,0.000,0.011,0.244,528.070,831.054
54.560,2.168,0.000,0.010,0.280,494.460,909.724
54.570,0.874,0.000,0.010,0.307,523.872,918.853
54.580,0.072,0.000,0.010,0.318,524.303,899.380
54.590,-0.002,0.000,0.010,0.325,562.903,898.088
54.600,0.356,0.000,0.010,0.323,549.905,895.742
54.610,0.191,0.000,0.010,0.330,593.558,913.032
54.620,0.256,0.000,0.011,0.344,557.776,887.419
54.630,0.314,0.000,0.013,0.332,585.176,904.757
54.640,0.227,0.000,0.016,0.362,561.322,890.753
54.650,0.554,0.000,0.018,0.356,555.718,970.730
54.660,0.410,0.000,0.014,0.330,457.990,1045.160
54.670,0.227,0.000,0.013,0.298,392.643,919.402
54.680,-0.325,312.379,0.011,0.295,419.875,858.223
54.690,-1.100,312.379,0.010,0.301,419.696,835.363
54.700,-1.943,312.379,0.010,0.311,432.117,905.613
54.710,-1.729,314.188,0.010,0.333,422.459,908.134
54.720,-1.108,314.188,0.010,0.320,412.623,884.465
54.730,-0.549,314.188,0.010,0.307,411.983,946.851
54.740,0.237,314.188,0.010,0.320,405.265,961.122
54.750,0.636,316.008,0.011,0.315,385.353,1026.798
54.760,1.449,332.871,0.011,0.297,387.852,1069.997
54.770,2.280,336.739,0.010,0.288,374.297,961.569
54.780,2.540,338.689,0.010,0.270,384.105,936.469
54.790,2.743,342.625,0.010,0.253,385.411,955.494
54.800,2.488,340.651,0.011,0.249,391.279,944.058
54.810,2.427,340.651,0.011,0.253,381.098,937.188
54.820,2.349,338.689,0.011,0.273,382.930,934.650
54.830,2.207,319.680,0.015,0.288,368.380,922.496
54.840,1.734,316.008,0.023,0.300,369.804,867.661
54.850,0.300,316.008,0.041,0.318,368.656,865.383
54.860,-1.176,316.008,0.041,0.363,374.581,962.432
54.870,-3.191,314.188,0.020,0.445,380.887,978.197
54.880,-4.566,334.799,0.010,0.484,386.235,999.687
54.890,-4.503,348.614,0.010,0.497,377.232,994.642
54.900,-3.217,352.664,0.010,0.507,347.506,876.762
54.910,-1.862,352.664,0.011,0.487,336.770,901.477
54.920,-0.487,350.633,0.011,0.449,344.930,954.013
54.930,-0.582,354.707,0.011,0.401,341.001,848.768
54.940,-1.088,350.633,0.014,0.406,365.620,1188.807
54.950,-1.068,346.606,0.012,0.452,360.832,1140.626
54.960,-2.832,340.651,0.020,0.408,360.765,1142.862
54.970,-0.975,327.152,0.014,0.363,336.175,919.297
54.980,-0.737,321.532,0.035,0.319,335.942,895.805
54.990,-0.019,317.839,0.066,0.290,330.507,775.396
55.000,1.276,305.244,0.207,0.256,315.055,782.618
55.010,1.280,305.244,0.323,0.203,308.959,845.122
55.020,2.212,301.738,0.485,0.192,308.418,1925.945
55.030,1.858,301.738,0.485,0.202,306.387,965.303
55.040,1.966,300.000,0.616,0.208,307.434,977.852
55.050,1.743,301.738,0.549,0.213,300.504,935.545
55.060,2.473,300.000,0.549,0.181,308.674,955.486
55.070,2.579,303.486,0.549,0.143,302.238,1022.089
55.080,3.120,303.486,0.485,0.122,315.654,931.965
55.090,2.814,307.012,0.323,0.126,324.218,930.650
55.100,2.400,305.244,0.372,0.134,315.261,959.688
55.110,2.652,303.486,0.280,0.152,296.644,903.657
55.120,2.940,301.738,0.323,0.132,297.975,908.407
55.130,3.571,296.554,0.323,0.123,286.422,916.835
55.140,4.217,293.148,0.485,0.103,289.862,950.484
55.150,4.461,288.112,0.485,0.117,280.971,1103.670
55.160,3.244,288.112,0.549,0.155,280.695,1058.958
55.170,2.938,283.162,0.485,0.206,293.629,1026.766
55.180,0.611,283.162,0.372,0.234,335.138,944.969
55.190,-1.487,278.298,0.078,0.252,355.645,898.495
55.200,-1.403,279.910,0.023,0.287,354.336,879.752
55.210,-1.953,279.910,0.016,0.272,329.081,851.302
55.220,-1.553,275.101,0.012,0.242,340.068,845.261
55.230,-1.262,271.941,0.012,0.243,344.210,848.409
55.240,-1.149,271.941,0.018,0.240,347.051,855.986
55.250,-0.831,270.375,0.020,0.244,325.980,854.751
55.260,-1.173,271.941,0.035,0.262,369.047,802.642
55.270,-0.550,270.375,0.041,0.272,319.996,843.802
55.280,-0.809,271.941,0.078,0.251,324.791,921.867
55.290,-0.108,268.818,0.109,0.236,291.322,915.296
55.300,0.197,267.270,0.177,0.209,271.915,877.888
55.310,0.227,267.270,0.280,0.198,270.983,901.261
55.320,0.394,264.200,0.280,0.216,263.750,1092.353
55.330,-1.141,265.730,0.372,0.244,268.381,1039.487
55.340,-1.617,261.165,0.372,0.310,274.241,980.864
55.350,-3.832,262.678,0.372,0.395,279.023,986.973
55.360,-5.386,262.678,0.150,0.457,297.302,900.135
55.370,-6.816,265.730,0.109,0.496,320.576,927.896
55.380,-8.246,265.730,0.092,0.508,289.435,1000.135
55.390,-7.684,264.200,0.078,0.478,281.404,1080.251
55.400,-7.329,264.200,0.041,0.400,315.366,927.535
55.410,-6.206,262.678,0.092,0.316,429.135,734.669
55.420,-4.241,261.165,0.241,0.286,352.959,774.312
55.430,-2.496,261.165,0.280,0.243,257.975,771.391
55.440,-1.519,261.165,0.323,0.224,328.639,789.982
55.450,-0.623,261.165,0.372,0.231,390.425,831.460
55.460,-0.542,261.165,0.372,0.212,366.873,884.439
55.470,-0.593,261.165,0.372,0.205,351.708,879.020
55.480,0.086,261.165,0.426,0.192,378.068,880.119
55.490,0.557,261.165,0.485,0.179,398.954,888.211
55.500,0.994,261.165,0.549,0.171,385.479,928.217
55.510,1.244,261.165,0.616,0.163,373.321,970.201
55.520,0.895,261.165,0.616,0.160,371.200,926.237
55.530,0.429,261.165,0.616,0.158,360.620,824.530
55.540,-0.155,261.165,0.549,0.161,304.312,779.321
55.550,-1.253,261.165,0.323,0.190,675.267,1946.521
55.560,-2.370,261.165,0.150,0.207,514.792,757.452
55.570,-3.382,262.678,0.109,0.206,429.770,881.952
55.580,-3.607,264.200,0.078,0.194,402.584,945.301
55.590,-2.791,264.200,0.092,0.178,437.026,1045.031
55.600,-1.665,262.678,0.128,0.165,376.314,943.885
55.610,-1.518,262.678,0.280,0.161,362.822,884.394
55.620,-1.180,261.165,0.372,0.188,380.526,875.712
55.630,-1.308,261.165,0.426,0.177,407.471,934.809
55.640,-1.808,261.165,0.372,0.150,371.597,869.837
55.650,-2.230,262.678,0.280,0.145,340.850,724.646
55.660,-3.312,264.200,0.207,0.166,349.137,799.452
55.670,-4.379,264.200,0.128,0.211,366.015,794.833
55.680,-5.477,267.270,0.109,0.250,373.770,755.526
55.690,-5.543,267.270,0.078,0.311,337.776,700.572
55.700,-6.134,268.818,0.035,0.429,310.605,887.346
55.710,-6.835,265.730,0.016,0.586,324.804,999.566
55.720,-7.806,262.678,0.011,0.725,471.206,2140.279
55.730,-8.657,270.375,0.010,0.835,512.024,2179.777
55.740,-8.537,281.531,0.010,0.881,500.279,1022.462
55.750,-8.056,279.910,0.010,0.897,468.356,1036.843
55.760,-7.169,0.000,0.010,0.910,510.150,1093.433
55.770,-6.669,0.000,0.010,0.912,473.907,1059.567
55.780,-6.349,0.000,0.010,0.918,457.390,1129.719
55.790,-6.018,0.000,0.010,0.921,419.608,2104.337
55.800,-6.140,0.000,0.010,0.916,451.289,2062.816
55.810,-5.741,0.000,0.010,0.913,495.546,1971.052
55.820,-5.602,0.000,0.010,0.908,474.418,2188.061
55.830,-6.479,0.000,0.010,0.915,482.954,2216.833
55.840,-7.226,0.000,0.010,0.910,512.968,2751.670
55.850,-8.958,0.000,0.010,0.904,518.921,636.198
55.860,-11.492,0.000,0.010,0.929,555.908,1998.920
55.870,-11.108,0.000,0.010,0.931,508.152,2158.026
55.880,-11.003,0.000,0.010,0.917,342.314,1276.350
55.890,-10.418,0.000,0.010,0.891,488.284,2361.704
55.900,-9.840,0.000,0.010,0.868,464.616,2282.973
55.910,-9.683,289.781,0.010,0.830,362.072,2555.641
55.920,-9.506,289.781,0.010,0.804,337.958,2521.135
55.930,-10.211,276.695,0.010,0.794,348.549,2409.378
55.940,-11.183,275.101,0.010,0.790,349.508,1518.728
55.950,-12.082,275.101,0.010,0.756,351.010,1189.143
55.960,-13.678,258.165,0.010,0.703,353.568,1029.788
55.970,-15.398,265.730,0.010,0.663,798.390,2239.588
55.980,-17.110,258.165,0.010,0.625,728.896,1768.075
55.990,-19.460,258.165,0.010,0.563,752.020,2016.790
56.000,-21.694,258.165,0.010,0.498,725.198,1914.820
56.010,-23.051,259.661,0.010,0.487,634.109,1829.919
56.020,-23.370,265.730,0.010,0.583,505.341,1286.202
56.030,-21.492,246.507,0.010,0.637,522.402,2261.070
56.040,-15.547,267.270,0.010,0.622,373.969,806.994
56.050,-8.970,267.270,0.013,0.510,499.566,2311.133
56.060,-6.210,267.270,0.011,0.434,527.132,2311.463
56.070,-4.830,270.375,0.010,0.475,339.381,2239.919
56.080,-3.056,271.941,0.010,0.588,324.274,2186.109
56.090,-1.872,271.941,0.010,0.733,473.556,2232.278
56.100,-1.239,271.941,0.010,0.826,490.854,2185.847
56.110,-0.636,286.452,0.010,0.887,400.143,1177.989
56.120,-0.447,284.803,0.010,0.927,401.888,1197.157
56.130,-0.856,0.000,0.010,0.937,466.546,2188.980
56.140,-0.834,0.000,0.010,0.940,620.698,2134.882
56.150,-0.907,0.000,0.010,0.943,552.968,998.088
56.160,-1.383,0.000,0.010,0.942,512.789,1111.648
56.170,-1.476,0.000,0.010,0.936,508.388,1295.960
56.180,-2.240,0.000,0.010,0.938,510.725,1306.735
56.190,-3.100,0.000,0.010,0.942,468.336,1446.281
56.200,-3.889,0.000,0.010,0.933,457.778,1492.435
56.210,-5.829,0.000,0.010,0.912,493.892,1455.669
56.220,-8.017,0.000,0.010,0.886,382.725,1516.253
56.230,-11.266,0.000,0.010,0.834,375.747,1320.407
56.240,-18.061,0.000,0.010,0.721,420.391,1194.666
56.250,-21.670,267.270,0.010,0.608,510.360,1278.760
56.260,-19.474,265.730,0.010,0.532,489.640,1355.673
56.270,-15.559,265.730,0.010,0.474,454.956,1274.112
56.280,-13.539,264.200,0.010,0.434,476.145,1147.552
56.290,-12.203,264.200,0.010,0.389,510.540,1187.378
56.300,-9.402,262.678,0.011,0.394,475.246,1043.825
56.310,-6.502,264.200,0.023,0.373,423.174,795.976
56.320,-4.808,262.678,0.041,0.384,373.712,731.339
56.330,-3.452,262.678,0.078,0.412,320.872,876.906
56.340,-2.966,262.678,0.092,0.429,315.955,890.885
56.350,-2.742,262.678,0.128,0.447,393.193,591.181
56.360,-2.543,262.678,0.177,0.438,467.327,493.459
56.370,-2.367,262.678,0.177,0.425,458.213,701.496
56.380,-2.015,262.678,0.207,0.430,467.890,838.105
56.390,-2.116,262.678,0.241,0.447,456.603,861.352
56.400,-1.957,262.678,0.280,0.423,476.328,1061.074
56.410,-1.552,262.678,0.372,0.422,477.459,1101.810
56.420,-1.295,262.678,0.485,0.410,478.737,1127.539
56.430,-0.743,262.678,0.549,0.402,478.185,1080.181
56.440,-0.644,261.165,0.616,0.408,411.171,937.040
56.450,-1.105,261.165,0.549,0.412,329.398,1005.467
56.460,-1.647,261.165,0.549,0.413,284.049,1047.994
56.470,-2.829,261.165,0.485,0.437,314.539,1039.918
56.480,-4.421,261.165,0.372,0.439,nan,nan
56.490,-6.503,261.165,0.280,0.426,nan,nan
56.500,-9.652,261.165,0.128,0.399,nan,nan
